segment,precision_at_5,recall_at_5,ndcg_at_5,precision_at_10,recall_at_10,ndcg_at_10,map_at_10,modele,fenetre,policy_combo
actif,0.021497326203208558,0.05797682709447416,0.03937961087216098,0.02085561497326203,0.11140819964349377,0.05941162536793822,0.03287381871940696,popularite_globale,0,defaut_exclut_achats_stock_filtre
cold_start,0.02092050209205021,0.055904230590423064,0.04029839913526463,0.020223152022315203,0.1110413761041376,0.06033093798243182,0.03436732084744637,popularite_globale,0,defaut_exclut_achats_stock_filtre
peu_actif,0.020938023450586266,0.05913695461434155,0.04296054958135234,0.01901172529313233,0.10656855707106964,0.060559479624271724,0.03620266234169082,popularite_globale,0,defaut_exclut_achats_stock_filtre
actif,0.020534759358288773,0.05532085561497326,0.038174382297629886,0.021069518716577543,0.11463458110516934,0.06044574839311934,0.033394331975214325,popularite_recente,0,defaut_exclut_achats_stock_filtre
cold_start,0.020362622036262205,0.053161320316132035,0.039464638675537365,0.021199442119944213,0.11534170153417016,0.06250772568953535,0.03536014994871341,popularite_recente,0,defaut_exclut_achats_stock_filtre
peu_actif,0.019262981574539362,0.05406995293929967,0.04058478122641013,0.0195142378559464,0.10950785674403764,0.060995795726407086,0.03604522280715748,popularite_recente,0,defaut_exclut_achats_stock_filtre
actif,0.015828877005347596,0.04549019607843137,0.031262009744293065,0.01342245989304813,0.07626559714795009,0.042640781999609585,0.02544925798602269,popularite_categorie,0,defaut_exclut_achats_stock_filtre
cold_start,0.02092050209205021,0.055904230590423064,0.04029839913526463,0.020223152022315203,0.1110413761041376,0.06033093798243182,0.03436732084744637,popularite_categorie,0,defaut_exclut_achats_stock_filtre
peu_actif,0.017755443886097153,0.04987437185929648,0.03631754324048956,0.014656616415410386,0.08306811836962591,0.04834518096206271,0.029934189244281373,popularite_categorie,0,defaut_exclut_achats_stock_filtre
actif,0.009732620320855614,0.02573083778966132,0.019165749108747174,0.011764705882352941,0.06765597147950089,0.03445196001957201,0.01878561525620349,collaboratif_item_item,0,defaut_exclut_achats_stock_filtre
cold_start,0.015899581589958158,0.04160855416085541,0.029331062064847476,0.015899581589958158,0.08458856345885635,0.04539272819647542,0.024781478529735154,collaboratif_item_item,0,defaut_exclut_achats_stock_filtre
peu_actif,0.010887772194304857,0.0304857621440536,0.021811901139217514,0.011725293132328308,0.06778336125069793,0.03546012321915504,0.02042157990127002,collaboratif_item_item,0,defaut_exclut_achats_stock_filtre
actif,0.01197860962566845,0.03210338680926916,0.0226808580993896,0.01229946524064171,0.06765151515151514,0.035965672305956604,0.020081840817134936,contenu_categorie_prix,0,defaut_exclut_achats_stock_filtre
cold_start,0.015899581589958158,0.04160855416085541,0.029331062064847476,0.015899581589958158,0.08458856345885635,0.04539272819647542,0.024781478529735154,contenu_categorie_prix,0,defaut_exclut_achats_stock_filtre
peu_actif,0.011222780569514238,0.029438860971524285,0.020028178494246852,0.01273031825795645,0.06850921273031825,0.03454821240240331,0.018024314695168967,contenu_categorie_prix,0,defaut_exclut_achats_stock_filtre
actif,0.02213903743315508,0.06038324420677362,0.040774172203897834,0.02096256684491979,0.11361853832442068,0.06059860011634912,0.03381139829669241,popularite_globale,0,inclut_produits_deja_achetes
cold_start,0.02092050209205021,0.055904230590423064,0.04029839913526463,0.020223152022315203,0.1110413761041376,0.06033093798243182,0.03436732084744637,popularite_globale,0,inclut_produits_deja_achetes
peu_actif,0.021105527638190957,0.05955571508335327,0.04275750586423436,0.018844221105527637,0.10587062295605008,0.05985753729548803,0.035650574300071784,popularite_globale,0,inclut_produits_deja_achetes
actif,0.020427807486631016,0.055098039215686276,0.03846475537765326,0.021176470588235297,0.11690730837789662,0.061586105094143376,0.03425047746371276,popularite_recente,0,inclut_produits_deja_achetes
cold_start,0.020362622036262205,0.053161320316132035,0.039464638675537365,0.021199442119944213,0.11534170153417016,0.06250772568953535,0.03536014994871341,popularite_recente,0,inclut_produits_deja_achetes
peu_actif,0.019095477386934675,0.053232432001276225,0.03997155431607294,0.019430485762144057,0.10980697136476031,0.0606261835979212,0.0356101772087953,popularite_recente,0,inclut_produits_deja_achetes
actif,0.016042780748663103,0.04598039215686275,0.03205879597515842,0.01358288770053476,0.07825311942959003,0.04389123732864805,0.026429593554593553,popularite_categorie,0,inclut_produits_deja_achetes
cold_start,0.02092050209205021,0.055904230590423064,0.04029839913526463,0.020223152022315203,0.1110413761041376,0.06033093798243182,0.03436732084744637,popularite_categorie,0,inclut_produits_deja_achetes
peu_actif,0.017755443886097153,0.04903685092127303,0.03518820717670633,0.014489112227805696,0.0815326633165829,0.047059024524587045,0.028728364042434396,popularite_categorie,0,inclut_produits_deja_achetes
actif,0.01037433155080214,0.027201426024955438,0.020167928224461736,0.01181818181818182,0.06832442067736186,0.03501850871830389,0.019234855558384972,collaboratif_item_item,0,inclut_produits_deja_achetes
cold_start,0.015899581589958158,0.04160855416085541,0.029331062064847476,0.015899581589958158,0.08458856345885635,0.04539272819647542,0.024781478529735154,collaboratif_item_item,0,inclut_produits_deja_achetes
peu_actif,0.010887772194304857,0.0304857621440536,0.021811901139217514,0.011725293132328308,0.06778336125069793,0.03546012321915504,0.02042157990127002,collaboratif_item_item,0,inclut_produits_deja_achetes
actif,0.012192513368983958,0.03346702317290553,0.024234293282873427,0.012459893048128343,0.06981729055258468,0.03765846146925886,0.02167416107857284,contenu_categorie_prix,0,inclut_produits_deja_achetes
cold_start,0.015899581589958158,0.04160855416085541,0.029331062064847476,0.015899581589958158,0.08458856345885635,0.04539272819647542,0.024781478529735154,contenu_categorie_prix,0,inclut_produits_deja_achetes
peu_actif,0.009882747068676718,0.02664712451144612,0.019566396221798985,0.012060301507537688,0.06550809603573422,0.03424546957853563,0.018700302659682894,contenu_categorie_prix,0,inclut_produits_deja_achetes
actif,0.021497326203208558,0.05797682709447416,0.03937961087216098,0.02085561497326203,0.11140819964349377,0.05941162536793822,0.03287381871940696,popularite_globale,0,sans_filtre_stock
cold_start,0.02092050209205021,0.055904230590423064,0.04029839913526463,0.020223152022315203,0.1110413761041376,0.06033093798243182,0.03436732084744637,popularite_globale,0,sans_filtre_stock
peu_actif,0.020938023450586266,0.05913695461434155,0.04296054958135234,0.01901172529313233,0.10656855707106964,0.060559479624271724,0.03620266234169082,popularite_globale,0,sans_filtre_stock
actif,0.020534759358288773,0.05532085561497326,0.038174382297629886,0.021069518716577543,0.11463458110516934,0.06044574839311934,0.033394331975214325,popularite_recente,0,sans_filtre_stock
cold_start,0.020362622036262205,0.053161320316132035,0.039464638675537365,0.021199442119944213,0.11534170153417016,0.06250772568953535,0.03536014994871341,popularite_recente,0,sans_filtre_stock
peu_actif,0.019262981574539362,0.05406995293929967,0.04058478122641013,0.0195142378559464,0.10950785674403764,0.060995795726407086,0.03604522280715748,popularite_recente,0,sans_filtre_stock
actif,0.015828877005347596,0.04549019607843137,0.031262009744293065,0.01342245989304813,0.07626559714795009,0.042640781999609585,0.02544925798602269,popularite_categorie,0,sans_filtre_stock
cold_start,0.02092050209205021,0.055904230590423064,0.04029839913526463,0.020223152022315203,0.1110413761041376,0.06033093798243182,0.03436732084744637,popularite_categorie,0,sans_filtre_stock
peu_actif,0.017755443886097153,0.04987437185929648,0.03631754324048956,0.014656616415410386,0.08306811836962591,0.04834518096206271,0.029934189244281373,popularite_categorie,0,sans_filtre_stock
actif,0.009732620320855614,0.02573083778966132,0.019165749108747174,0.011764705882352941,0.06765597147950089,0.03445196001957201,0.01878561525620349,collaboratif_item_item,0,sans_filtre_stock
cold_start,0.015899581589958158,0.04160855416085541,0.029331062064847476,0.015899581589958158,0.08458856345885635,0.04539272819647542,0.024781478529735154,collaboratif_item_item,0,sans_filtre_stock
peu_actif,0.010887772194304857,0.0304857621440536,0.021811901139217514,0.011725293132328308,0.06778336125069793,0.03546012321915504,0.02042157990127002,collaboratif_item_item,0,sans_filtre_stock
actif,0.01197860962566845,0.03210338680926916,0.0226808580993896,0.01229946524064171,0.06765151515151514,0.035965672305956604,0.020081840817134936,contenu_categorie_prix,0,sans_filtre_stock
cold_start,0.015899581589958158,0.04160855416085541,0.029331062064847476,0.015899581589958158,0.08458856345885635,0.04539272819647542,0.024781478529735154,contenu_categorie_prix,0,sans_filtre_stock
peu_actif,0.011222780569514238,0.029438860971524285,0.020028178494246852,0.01273031825795645,0.06850921273031825,0.03454821240240331,0.018024314695168967,contenu_categorie_prix,0,sans_filtre_stock
actif,0.01682474226804124,0.036565210276550485,0.027262875428857258,0.015381443298969073,0.06420831287841597,0.03868134610779429,0.02075477008672885,popularite_globale,1,defaut_exclut_achats_stock_filtre
peu_actif,0.016641298833079656,0.034923654900823844,0.026542192257644887,0.016336884830035515,0.06777681138411731,0.03993644969195605,0.020830023818535815,popularite_globale,1,defaut_exclut_achats_stock_filtre
actif,0.01731958762886598,0.036380134184257895,0.027014460518107596,0.015340206185567012,0.06403060055637375,0.03801546589060179,0.019905320226601523,popularite_recente,1,defaut_exclut_achats_stock_filtre
peu_actif,0.016641298833079656,0.035287864511608806,0.027310367534244682,0.016539827498731608,0.07068223365788054,0.041384867501653516,0.022225047581465644,popularite_recente,1,defaut_exclut_achats_stock_filtre
actif,0.012948453608247423,0.02512714776632302,0.020795423783062122,0.012288659793814433,0.04715169366715759,0.03000692253617738,0.016213312060219278,popularite_categorie,1,defaut_exclut_achats_stock_filtre
peu_actif,0.014307458143074582,0.029948539537580633,0.02287667304851388,0.011618467782851345,0.04821458771230461,0.03028243370179194,0.016569470282052728,popularite_categorie,1,defaut_exclut_achats_stock_filtre
actif,0.015340206185567012,0.03145115365733922,0.025234852189792364,0.014927835051546393,0.061716903943708074,0.03768880354478792,0.020251557301041837,collaboratif_item_item,1,defaut_exclut_achats_stock_filtre
peu_actif,0.016032470826991375,0.034598705032494986,0.025721926887747867,0.014510400811770675,0.06032168828972482,0.036380141881321396,0.019469822344632084,collaboratif_item_item,1,defaut_exclut_achats_stock_filtre
actif,0.010309278350515464,0.02120274914089347,0.016396426215565852,0.010391752577319589,0.043926035018818525,0.025456184772169294,0.012919968674755125,contenu_categorie_prix,1,defaut_exclut_achats_stock_filtre
peu_actif,0.009741248097412482,0.020025689964807164,0.015199181202287996,0.010147133434804667,0.042971499440297004,0.024242031898411332,0.012419252440815098,contenu_categorie_prix,1,defaut_exclut_achats_stock_filtre
actif,0.01715463917525773,0.03760988381606938,0.027789342146504747,0.016082474226804123,0.068151039109802,0.04024623744633921,0.021452556669861532,popularite_globale,1,inclut_produits_deja_achetes
peu_actif,0.015829528158295282,0.03432328283926458,0.02593175529724055,0.015880263825469306,0.06725254282331908,0.03932584869096375,0.020735931302449384,popularite_globale,1,inclut_produits_deja_achetes
actif,0.01731958762886598,0.03645868106692849,0.02785232477599378,0.015793814432989692,0.06586728849615447,0.039706088066790185,0.021143298189837217,popularite_recente,1,inclut_produits_deja_achetes
peu_actif,0.015829528158295282,0.03500036239762267,0.026776702974647935,0.01643835616438356,0.07157292648160228,0.041373444079891554,0.02234272278729407,popularite_recente,1,inclut_produits_deja_achetes
actif,0.014103092783505156,0.028107674684994272,0.022632468212210276,0.012494845360824743,0.048521027655048274,0.031248038752016066,0.01715293868979436,popularite_categorie,1,inclut_produits_deja_achetes
peu_actif,0.013292744799594115,0.02807131985214177,0.02175399777913118,0.012125824454591578,0.049969800198110696,0.030897793399345654,0.016841891669571597,popularite_categorie,1,inclut_produits_deja_achetes
actif,0.01575257731958763,0.03227589592538046,0.025755649709708738,0.015422680412371133,0.0645863197512682,0.0389026043894033,0.020744493536246113,collaboratif_item_item,1,inclut_produits_deja_achetes
peu_actif,0.016032470826991375,0.034598705032494986,0.025721926887747867,0.014561136478944699,0.0604908071803049,0.03644208909403779,0.01950294146070402,collaboratif_item_item,1,inclut_produits_deja_achetes
actif,0.010474226804123712,0.02225249549991818,0.01653805425692085,0.010020618556701031,0.042580592374406805,0.02472874906908974,0.012606867397589048,contenu_categorie_prix,1,inclut_produits_deja_achetes
peu_actif,0.009842719431760528,0.02079518091694652,0.015264081567488036,0.009639776763064434,0.041850482794166206,0.023547896326294993,0.012126572738571725,contenu_categorie_prix,1,inclut_produits_deja_achetes
actif,0.01682474226804124,0.036565210276550485,0.027262875428857258,0.015381443298969073,0.06420831287841597,0.03868134610779429,0.02075477008672885,popularite_globale,1,sans_filtre_stock
peu_actif,0.016641298833079656,0.034923654900823844,0.026542192257644887,0.016336884830035515,0.06777681138411731,0.03993644969195605,0.020830023818535815,popularite_globale,1,sans_filtre_stock
actif,0.01731958762886598,0.036380134184257895,0.027014460518107596,0.015340206185567012,0.06403060055637375,0.03801546589060179,0.019905320226601523,popularite_recente,1,sans_filtre_stock
peu_actif,0.016641298833079656,0.035287864511608806,0.027310367534244682,0.016539827498731608,0.07068223365788054,0.041384867501653516,0.022225047581465644,popularite_recente,1,sans_filtre_stock
actif,0.012948453608247423,0.02512714776632302,0.020795423783062122,0.012288659793814433,0.04715169366715759,0.03000692253617738,0.016213312060219278,popularite_categorie,1,sans_filtre_stock
peu_actif,0.014307458143074582,0.029948539537580633,0.02287667304851388,0.011618467782851345,0.04821458771230461,0.03028243370179194,0.016569470282052728,popularite_categorie,1,sans_filtre_stock
actif,0.015340206185567012,0.03145115365733922,0.025234852189792364,0.014927835051546393,0.061716903943708074,0.03768880354478792,0.020251557301041837,collaboratif_item_item,1,sans_filtre_stock
peu_actif,0.016032470826991375,0.034598705032494986,0.025721926887747867,0.014510400811770675,0.06032168828972482,0.036380141881321396,0.019469822344632084,collaboratif_item_item,1,sans_filtre_stock
actif,0.010309278350515464,0.02120274914089347,0.016396426215565852,0.010391752577319589,0.043926035018818525,0.025456184772169294,0.012919968674755125,contenu_categorie_prix,1,sans_filtre_stock
peu_actif,0.009741248097412482,0.020025689964807164,0.015199181202287996,0.010147133434804667,0.042971499440297004,0.024242031898411332,0.012419252440815098,contenu_categorie_prix,1,sans_filtre_stock
actif,0.019766536964980548,0.03857003891050584,0.028630396674700572,0.019105058365758754,0.0743922549564573,0.04325578376940055,0.02131054730582246,popularite_globale,2,defaut_exclut_achats_stock_filtre
peu_actif,0.016930137684854667,0.03328416017095263,0.025953075842046043,0.015502294747577767,0.06022457767740787,0.037232272724364184,0.019573474128730194,popularite_globale,2,defaut_exclut_achats_stock_filtre
actif,0.015642023346303505,0.02804351182755852,0.022847509017972646,0.016498054474708174,0.06251636711753443,0.03690907549431944,0.018012281771766208,popularite_recente,2,defaut_exclut_achats_stock_filtre
peu_actif,0.017338092809790925,0.03323458229118607,0.02774254346045096,0.016420193778684346,0.062481079462211535,0.03981058491470699,0.021040794597061444,popularite_recente,2,defaut_exclut_achats_stock_filtre
actif,0.01642023346303502,0.033286084861960344,0.025249627050956184,0.013891050583657588,0.05640680007411525,0.034471337543583315,0.018168361832411304,popularite_categorie,2,defaut_exclut_achats_stock_filtre
peu_actif,0.013156552779194289,0.02399832447002258,0.020197106193879495,0.01244263131055584,0.04385258206012923,0.028793399290546036,0.014797587344757154,popularite_categorie,2,defaut_exclut_achats_stock_filtre
actif,0.01859922178988327,0.035418287937743195,0.029186917318252483,0.018171206225680935,0.06913331480452102,0.04312435005352874,0.02276056583463476,collaboratif_item_item,2,defaut_exclut_achats_stock_filtre
peu_actif,0.016420193778684346,0.032213480326687874,0.025674043631348765,0.017032126466088728,0.0669018074678452,0.03990310351634274,0.020399334162811252,collaboratif_item_item,2,defaut_exclut_achats_stock_filtre
actif,0.009260700389105059,0.017439781360014825,0.013893400115117562,0.009922178988326848,0.03830754740287814,0.02241048747865765,0.010983132898641515,contenu_categorie_prix,2,defaut_exclut_achats_stock_filtre
peu_actif,0.011320754716981133,0.019079187003715303,0.01600294348993415,0.011779704232534422,0.040881717296811636,0.025262218245926827,0.011984255144632501,contenu_categorie_prix,2,defaut_exclut_achats_stock_filtre
actif,0.01867704280155642,0.036025106540670745,0.02673208147200523,0.018754863813229574,0.07381786177506021,0.042045731308126534,0.02048465582731147,popularite_globale,2,inclut_produits_deja_achetes
peu_actif,0.017134115247322796,0.033415895680046624,0.026857680794435235,0.015961244263131055,0.06149943744283367,0.03873465094969029,0.02058727865331639,popularite_globale,2,inclut_produits_deja_achetes
actif,0.015642023346303505,0.02795179420665802,0.022927159581804,0.016575875486381324,0.06254230745475882,0.03696093806437224,0.01810906393469623,popularite_recente,2,inclut_produits_deja_achetes
peu_actif,0.017338092809790925,0.032452668301724906,0.026978968553922934,0.016522182559918407,0.06288478505459638,0.039420422003947624,0.020554282141209364,popularite_recente,2,inclut_produits_deja_achetes
actif,0.016653696498054475,0.034310728182323516,0.025138318191986437,0.014085603112840468,0.056861682416157126,0.034357681902346456,0.01784790161200667,popularite_categorie,2,inclut_produits_deja_achetes
peu_actif,0.013462519122896482,0.02531143002841116,0.021439212790159545,0.01295257521672616,0.04624545520771935,0.030535526807817414,0.01598160058402646,popularite_categorie,2,inclut_produits_deja_achetes
actif,0.01859922178988327,0.035298777098387996,0.029124655105946116,0.01832684824902724,0.06884519177320733,0.04307830720290918,0.022723562987668044,collaboratif_item_item,2,inclut_produits_deja_achetes
peu_actif,0.01631820499745028,0.031958508373602715,0.025531410695816166,0.016930137684854667,0.06639186356167487,0.03964826366315207,0.020288374146190856,collaboratif_item_item,2,inclut_produits_deja_achetes
actif,0.009727626459143969,0.018263387066889014,0.014560200959343463,0.010077821011673153,0.03903758260762152,0.023010274038381084,0.011319793575305897,contenu_categorie_prix,2,inclut_produits_deja_achetes
peu_actif,0.011422743498215197,0.019771253733517884,0.015819342175101843,0.011830698623151455,0.042020592020592024,0.025103920435654074,0.011643950698869835,contenu_categorie_prix,2,inclut_produits_deja_achetes
actif,0.019766536964980548,0.03857003891050584,0.028630396674700572,0.019105058365758754,0.0743922549564573,0.04325578376940055,0.02131054730582246,popularite_globale,2,sans_filtre_stock
peu_actif,0.016930137684854667,0.03328416017095263,0.025953075842046043,0.015502294747577767,0.06022457767740787,0.037232272724364184,0.019573474128730194,popularite_globale,2,sans_filtre_stock
actif,0.015642023346303505,0.02804351182755852,0.022847509017972646,0.016498054474708174,0.06251636711753443,0.03690907549431944,0.018012281771766208,popularite_recente,2,sans_filtre_stock
peu_actif,0.017338092809790925,0.03323458229118607,0.02774254346045096,0.016420193778684346,0.062481079462211535,0.03981058491470699,0.021040794597061444,popularite_recente,2,sans_filtre_stock
actif,0.01642023346303502,0.033286084861960344,0.025249627050956184,0.013891050583657588,0.05640680007411525,0.034471337543583315,0.018168361832411304,popularite_categorie,2,sans_filtre_stock
peu_actif,0.013156552779194289,0.02399832447002258,0.020197106193879495,0.01244263131055584,0.04385258206012923,0.028793399290546036,0.014797587344757154,popularite_categorie,2,sans_filtre_stock
actif,0.01859922178988327,0.035418287937743195,0.029186917318252483,0.018171206225680935,0.06913331480452102,0.04312435005352874,0.02276056583463476,collaboratif_item_item,2,sans_filtre_stock
peu_actif,0.016420193778684346,0.032213480326687874,0.025674043631348765,0.017032126466088728,0.0669018074678452,0.03990310351634274,0.020399334162811252,collaboratif_item_item,2,sans_filtre_stock
actif,0.009260700389105059,0.017439781360014825,0.013893400115117562,0.009922178988326848,0.03830754740287814,0.02241048747865765,0.010983132898641515,contenu_categorie_prix,2,sans_filtre_stock
peu_actif,0.011320754716981133,0.019079187003715303,0.01600294348993415,0.011779704232534422,0.040881717296811636,0.025262218245926827,0.011984255144632501,contenu_categorie_prix,2,sans_filtre_stock
actif,0.018362927674317887,0.03450267070882056,0.027659433890934216,0.01667388479861412,0.061329373672379305,0.038857745416055474,0.020285531745540715,popularite_globale,3,defaut_exclut_achats_stock_filtre
peu_actif,0.014804845222072678,0.027431868515314005,0.021737314642683487,0.015118887393449978,0.05779568743902526,0.034287547536088536,0.016760576669728758,popularite_globale,3,defaut_exclut_achats_stock_filtre
actif,0.015677782589865744,0.02925560436387634,0.023969103973196973,0.014638371589432656,0.05495060735424529,0.03450049572451108,0.01807479736035697,popularite_recente,3,defaut_exclut_achats_stock_filtre
peu_actif,0.014625392552714223,0.02967876547957302,0.023714625173617835,0.014759982054733063,0.05896373204583164,0.03586906139408941,0.018852416795440575,popularite_recente,3,defaut_exclut_achats_stock_filtre
actif,0.014118666089216112,0.027459320670667572,0.021965866012436948,0.012516240796881769,0.04481841242343624,0.029597012323218107,0.015642690765734137,popularite_categorie,3,defaut_exclut_achats_stock_filtre
peu_actif,0.01256168685509197,0.02487573614760694,0.02094640717228564,0.012696276357110813,0.049096149600860235,0.031049770426018582,0.016587992931084004,popularite_categorie,3,defaut_exclut_achats_stock_filtre
actif,0.016717193590298832,0.031539111963538126,0.0253778399636814,0.016240796881766998,0.06137474478747758,0.03763057630028335,0.019070376622811195,collaboratif_item_item,3,defaut_exclut_achats_stock_filtre
peu_actif,0.01363840287124271,0.02601921282944163,0.020473886769665113,0.013369223867205024,0.0508862255833992,0.030897762898049606,0.015576183117681547,collaboratif_item_item,3,defaut_exclut_achats_stock_filtre
actif,0.009441316587267216,0.016936315452989337,0.014036545490748434,0.009354699003897791,0.03284868733114727,0.020866100702148862,0.010552588101310491,contenu_categorie_prix,3,defaut_exclut_achats_stock_filtre
peu_actif,0.010139075818752804,0.016936913841355296,0.014752094982172684,0.009645580978017048,0.03568971778931402,0.022204002071541613,0.011151265426164484,contenu_categorie_prix,3,defaut_exclut_achats_stock_filtre
actif,0.01888263317453443,0.03545597970673761,0.027866742564841004,0.01645734084019056,0.06055342448802822,0.03829591682733659,0.01999684595458895,popularite_globale,3,inclut_produits_deja_achetes
peu_actif,0.015432929564827277,0.02868554480263767,0.022832167434563597,0.01502916105877075,0.0586381180257358,0.03491818721087985,0.017414205550621623,popularite_globale,3,inclut_produits_deja_achetes
actif,0.015417929839757472,0.028223927076244097,0.023676956808506913,0.014508445214378518,0.05438810864319742,0.0343814526621828,0.01814675873958649,popularite_recente,3,inclut_produits_deja_achetes
peu_actif,0.014804845222072678,0.029768491814252243,0.023821431638751472,0.01449080305069538,0.05831268203408176,0.03550808320477906,0.018599441346749554,popularite_recente,3,inclut_produits_deja_achetes
actif,0.015071459506279777,0.029438119985976202,0.02347693166714056,0.013165872672152449,0.048334673843552146,0.03152984727835526,0.01652609988945292,popularite_categorie,3,inclut_produits_deja_achetes
peu_actif,0.012741139524450428,0.025541918576911845,0.020564290188331603,0.012696276357110813,0.04875718344762759,0.030326724322161328,0.01578460694880614,popularite_categorie,3,inclut_produits_deja_achetes
actif,0.01715028150714595,0.0327986759883685,0.026370529890033387,0.015980944131658726,0.061288127204108145,0.03803751099207503,0.019640419181964686,collaboratif_item_item,3,inclut_produits_deja_achetes
peu_actif,0.01363840287124271,0.025959395272988812,0.020458843627503664,0.013503813369223868,0.0521349170743518,0.031296333466793745,0.015707814380425417,collaboratif_item_item,3,inclut_produits_deja_achetes
actif,0.009268081420528368,0.01652488193198457,0.013763599127238988,0.009527934170636639,0.03375507847140589,0.02113632818531201,0.01047671383167578,contenu_categorie_prix,3,inclut_produits_deja_achetes
peu_actif,0.01031852848811126,0.01796876669016642,0.01569150239848974,0.009645580978017048,0.03598132837702151,0.022900629300564464,0.011920013007944815,contenu_categorie_prix,3,inclut_produits_deja_achetes
actif,0.018362927674317887,0.03450267070882056,0.027659433890934216,0.01667388479861412,0.061329373672379305,0.038857745416055474,0.020285531745540715,popularite_globale,3,sans_filtre_stock
peu_actif,0.014804845222072678,0.027431868515314005,0.021737314642683487,0.015118887393449978,0.05779568743902526,0.034287547536088536,0.016760576669728758,popularite_globale,3,sans_filtre_stock
actif,0.015677782589865744,0.02925560436387634,0.023969103973196973,0.014638371589432656,0.05495060735424529,0.03450049572451108,0.01807479736035697,popularite_recente,3,sans_filtre_stock
peu_actif,0.014625392552714223,0.02967876547957302,0.023714625173617835,0.014759982054733063,0.05896373204583164,0.03586906139408941,0.018852416795440575,popularite_recente,3,sans_filtre_stock
actif,0.014118666089216112,0.027459320670667572,0.021965866012436948,0.012516240796881769,0.04481841242343624,0.029597012323218107,0.015642690765734137,popularite_categorie,3,sans_filtre_stock
peu_actif,0.01256168685509197,0.02487573614760694,0.02094640717228564,0.012696276357110813,0.049096149600860235,0.031049770426018582,0.016587992931084004,popularite_categorie,3,sans_filtre_stock
actif,0.016717193590298832,0.031539111963538126,0.0253778399636814,0.016240796881766998,0.06137474478747758,0.03763057630028335,0.019070376622811195,collaboratif_item_item,3,sans_filtre_stock
peu_actif,0.01363840287124271,0.02601921282944163,0.020473886769665113,0.013369223867205024,0.0508862255833992,0.030897762898049606,0.015576183117681547,collaboratif_item_item,3,sans_filtre_stock
actif,0.009441316587267216,0.016936315452989337,0.014036545490748434,0.009354699003897791,0.03284868733114727,0.020866100702148862,0.010552588101310491,contenu_categorie_prix,3,sans_filtre_stock
peu_actif,0.010139075818752804,0.016936913841355296,0.014752094982172684,0.009645580978017048,0.03568971778931402,0.022204002071541613,0.011151265426164484,contenu_categorie_prix,3,sans_filtre_stock
