user_coverage,catalog_coverage,n_evaluable,precision_at_5,recall_at_5,ndcg_at_5,precision_at_10,recall_at_10,ndcg_at_10,map_at_10,diversity_at_10,modele,fenetre,perimetre,taux_cibles_eligibles
1.0,0.043333333333333335,3781,0.02121131975667813,0.05795015176131283,0.04068466562048676,0.020153398571806397,0.10981032984471228,0.05994843709146483,0.03420824884657204,0.3177466278762231,popularite_globale,0,end_to_end_toutes_cibles,0.8962708958422632
1.0,0.043333333333333335,3781,0.02121131975667813,0.0656329198346005,0.045388444262310375,0.020153398571806397,0.12411097772442309,0.066714301174726,0.03905975723622782,0.3177466278762231,popularite_globale,0,ranking_cibles_eligibles_seules,0.8962708958422632
1.0,0.043333333333333335,3781,0.020100502512562814,0.054516315915416676,0.039180235284650054,0.020603015075376888,0.11314970844195918,0.06101046519752977,0.03460423812182606,0.30010579211848715,popularite_recente,0,end_to_end_toutes_cibles,0.8962708958422632
1.0,0.043333333333333335,3781,0.020100502512562814,0.06186074429771908,0.0437974150797367,0.020603015075376888,0.12723222622382285,0.06779066996863639,0.03951172320780164,0.30010579211848715,popularite_recente,0,ranking_cibles_eligibles_seules,0.8962708958422632
1.0,0.34,3781,0.01740280349113991,0.04884951071145199,0.03457208596428388,0.015101824914043905,0.08500837520938022,0.04779679739258831,0.028556705485097447,0.13821740280349118,popularite_categorie,0,end_to_end_toutes_cibles,0.8962708958422632
1.0,0.34,3781,0.01740280349113991,0.055700280112044816,0.03871608150872444,0.015101824914043905,0.09631185807656395,0.053314027123077194,0.03273320995064693,0.13821740280349118,popularite_categorie,0,ranking_cibles_eligibles_seules,0.8962708958422632
1.0,0.51,3781,0.011266860618883894,0.030243321872520497,0.021929048477672197,0.012536366040729966,0.07090716741602751,0.036845051170892255,0.020439245447510454,0.516741602750595,collaboratif_item_item,0,end_to_end_toutes_cibles,0.8962708958422632
1.0,0.51,3781,0.011266860618883894,0.03387488328664799,0.024073360573285605,0.012536366040729966,0.07904761904761906,0.04041850862581062,0.02271155313977443,0.516741602750595,collaboratif_item_item,0,ranking_cibles_eligibles_seules,0.8962708958422632
1.0,0.51,3781,0.01248346998148638,0.03306444503217844,0.023104263757864306,0.013118222692409415,0.07113417967028124,0.03730572836220081,0.020323299174793488,0.15739222427929123,contenu_categorie_prix,0,end_to_end_toutes_cibles,0.8962708958422632
1.0,0.51,3781,0.01248346998148638,0.037077497665732956,0.025464221813936875,0.013118222692409415,0.07935807656395891,0.04101918755948463,0.022740401716242052,0.15739222427929123,contenu_categorie_prix,0,ranking_cibles_eligibles_seules,0.8962708958422632
1.0,0.056666666666666664,4396,0.016742493175614194,0.035829198983202616,0.02693974837461259,0.0158098271155596,0.06580829253144993,0.039244087046006945,0.02078851101152219,0.35454959053685164,popularite_globale,1,end_to_end_toutes_cibles,0.9052371447581028
1.0,0.056666666666666664,4396,0.016742493175614194,0.03972227819195379,0.029143613887536234,0.0158098271155596,0.07371829314706606,0.04269286564823796,0.02315305638266381,0.35454959053685164,popularite_globale,1,ranking_cibles_eligibles_seules,0.9052371447581028
1.0,0.05333333333333334,4396,0.017015468607825296,0.035890401808281694,0.02714713402329554,0.015878070973612376,0.06701294105752703,0.03952617803240865,0.02094539816482654,0.2915605095541401,popularite_recente,1,end_to_end_toutes_cibles,0.9052371447581028
1.0,0.05333333333333334,4396,0.017015468607825296,0.040091118722994604,0.02938199224360485,0.015878070973612376,0.07448451877224796,0.04282030586360878,0.023147357908842894,0.2915605095541401,popularite_recente,1,ranking_cibles_eligibles_seules,0.9052371447581028
1.0,0.4,4396,0.013557779799818016,0.027288877334373237,0.02172857717300876,0.011988171064604185,0.04762825512370553,0.030130451314026852,0.016372999925377083,0.09999999999999998,popularite_categorie,1,end_to_end_toutes_cibles,0.9052371447581028
1.0,0.4,4396,0.013557779799818016,0.030598652248863812,0.023625857127586265,0.011988171064604185,0.05343598182103119,0.03285145887773199,0.018297442742964607,0.09999999999999998,popularite_categorie,1,ranking_cibles_eligibles_seules,0.9052371447581028
1.0,0.30666666666666664,4396,0.01565059144676979,0.03286239655097707,0.025453238047315183,0.014740673339399457,0.06109134205699264,0.0371020491911272,0.01990105693728305,0.36246587807097363,collaboratif_item_item,1,end_to_end_toutes_cibles,0.9052371447581028
1.0,0.30666666666666664,4396,0.01565059144676979,0.036521369243513103,0.027608514881729378,0.014740673339399457,0.0681627375915105,0.04034607035133634,0.022227165770973282,0.36246587807097363,collaboratif_item_item,1,ranking_cibles_eligibles_seules,0.9052371447581028
1.0,0.7366666666666667,4396,0.010054595086442221,0.02067500036107861,0.01585962687044059,0.010282074613284805,0.043498057397056485,0.02491180458241112,0.012695466468864361,0.1692220200181984,contenu_categorie_prix,1,end_to_end_toutes_cibles,0.9052371447581028
1.0,0.7366666666666667,4396,0.010054595086442221,0.023160554771979314,0.017310394091825974,0.010282074613284805,0.04821764389817986,0.02709514618110312,0.014228758864983595,0.1692220200181984,contenu_categorie_prix,1,ranking_cibles_eligibles_seules,0.9052371447581028
1.0,0.056666666666666664,4531,0.018538953873317148,0.03628233019095963,0.027471662145273176,0.01754579563010373,0.0682605367608678,0.04064883052302749,0.020558748475480827,0.3551092474067534,popularite_globale,2,end_to_end_toutes_cibles,0.9203421096763374
1.0,0.056666666666666664,4531,0.018538953873317148,0.039679056407618186,0.029217120296384316,0.01754579563010373,0.07440114465772804,0.04329820377463645,0.0222877865791076,0.3551092474067534,popularite_globale,2,ranking_cibles_eligibles_seules,0.9203421096763374
1.0,0.05,4531,0.016376075921430144,0.030290187876813344,0.024966061774913714,0.01646435665416023,0.06250109475114993,0.03816483801327331,0.01932301089346207,0.38567645111454424,popularite_recente,2,end_to_end_toutes_cibles,0.9203421096763374
1.0,0.05,4531,0.016376075921430144,0.032404460020935374,0.02616290181527401,0.01646435665416023,0.06708153364129055,0.040203807420060696,0.0206147414576404,0.38567645111454424,popularite_recente,2,ranking_cibles_eligibles_seules,0.9203421096763374
1.0,0.4166666666666667,4531,0.015007724564113882,0.02926637660140198,0.023062914757703615,0.013264180092694769,0.05097338106607583,0.03201394692027586,0.016709503132281138,0.09999999999999999,popularite_categorie,2,end_to_end_toutes_cibles,0.9203421096763374
1.0,0.4166666666666667,4531,0.015007724564113882,0.03152095859725839,0.024319456524625215,0.013264180092694769,0.05547751071046141,0.033971780426139665,0.017990552924598453,0.09999999999999999,popularite_categorie,2,ranking_cibles_eligibles_seules,0.9203421096763374
1.0,0.23,4531,0.01765614654601633,0.03403125908643454,0.027666558611561205,0.017678216729198854,0.06816752670317006,0.041730206495942834,0.021738633522022557,0.34917236813065544,collaboratif_item_item,2,end_to_end_toutes_cibles,0.9203421096763374
1.0,0.23,4531,0.01765614654601633,0.03686885737864806,0.029258324151840924,0.017678216729198854,0.07440328821152588,0.044399315900243104,0.02346293178786507,0.34917236813065544,collaboratif_item_item,2,ranking_cibles_eligibles_seules,0.9203421096763374
1.0,0.78,4531,0.01015228426395939,0.01814931004403527,0.014806402665992716,0.010726109026704924,0.03942163858848917,0.023644705981110715,0.011416414894754584,0.17130876186272348,contenu_categorie_prix,2,end_to_end_toutes_cibles,0.9203421096763374
1.0,0.78,4531,0.01015228426395939,0.020129845771304243,0.015917179067735647,0.010726109026704924,0.04344778124318975,0.025433689716694668,0.012699823446021316,0.17130876186272348,contenu_categorie_prix,2,ranking_cibles_eligibles_seules,0.9203421096763374
1.0,0.06,4538,0.016615249008373734,0.03102959488481745,0.02475057452461626,0.015910092551784927,0.059593678076489895,0.03661293028285884,0.018554124768020912,0.3059056853239312,popularite_globale,3,end_to_end_toutes_cibles,0.9198959906056031
1.0,0.06,4538,0.016615249008373734,0.03397013720742534,0.026416796595924528,0.015910092551784927,0.06580172181867097,0.039313344627462624,0.020333025652194338,0.3059056853239312,popularite_globale,3,ranking_cibles_eligibles_seules,0.9198959906056031
1.0,0.06,4538,0.015160863816659324,0.029463454986813294,0.023844107665514754,0.014698104892022917,0.05692179619019637,0.035172715397823136,0.018456752785831042,0.299559277214632,popularite_recente,3,end_to_end_toutes_cibles,0.9198959906056031
1.0,0.06,4538,0.015160863816659324,0.03254990583804143,0.025496945646482777,0.014698104892022917,0.062180521926284635,0.037585960187529015,0.020096360138531243,0.299559277214632,popularite_recente,3,ranking_cibles_eligibles_seules,0.9198959906056031
1.0,0.4266666666666667,4538,0.013353900396650508,0.026190301300481996,0.021465122567153282,0.012604671661524902,0.046919575087270106,0.030310586102667698,0.016107009524342523,0.09999999999999999,popularite_categorie,3,end_to_end_toutes_cibles,0.9198959906056031
1.0,0.4266666666666667,4538,0.013353900396650508,0.028820016142050035,0.022982370839429934,0.012604671661524902,0.051469464622006994,0.03249202472862866,0.01766071161672453,0.09999999999999999,popularite_categorie,3,ranking_cibles_eligibles_seules,0.9198959906056031
1.0,0.14666666666666667,4538,0.015204936095196122,0.028827817302916465,0.022969089044892883,0.01483032172763332,0.056222935773398534,0.03432351568468639,0.017354079284130283,0.34107536359629786,collaboratif_item_item,3,end_to_end_toutes_cibles,0.9198959906056031
1.0,0.14666666666666667,4538,0.015204936095196122,0.03179634113532419,0.024503276679411705,0.01483032172763332,0.062408662900188316,0.03690510259186259,0.018986219045056815,0.34107536359629786,collaboratif_item_item,3,ranking_cibles_eligibles_seules,0.9198959906056031
1.0,0.72,4538,0.00978404583516968,0.016936609372704567,0.014388013057161976,0.009497576024680477,0.03424416042309387,0.02152325851448391,0.010846649748974561,0.17990304098721904,contenu_categorie_prix,3,end_to_end_toutes_cibles,0.9198959906056031
1.0,0.72,4538,0.00978404583516968,0.018770513855259616,0.015313342408978583,0.009497576024680477,0.03747323110034975,0.02296373011520915,0.011751833916240696,0.17990304098721904,contenu_categorie_prix,3,ranking_cibles_eligibles_seules,0.9198959906056031
